<?xml version="1.0" encoding="UTF-8"?>
<project-private xmlns="http://www.netbeans.org/ns/project-private/1">
    <editor-bookmarks xmlns="http://www.netbeans.org/ns/editor-bookmarks/2" lastBookmarkId="0"/>
    <open-files xmlns="http://www.netbeans.org/ns/projectui-open-files/2">
        <group>
            <file>file:/D:/Users/lenovo/Downloads/Proyecto_finalPA/Proyecto_finalPA/src/GUI/GUINotaEstudiante.java</file>
            <file>file:/D:/Users/lenovo/Downloads/Proyecto_finalPA/Proyecto_finalPA/src/GUI/GUINotasRepresentante.java</file>
            <file>file:/D:/Users/lenovo/Downloads/Proyecto_finalPA/Proyecto_finalPA/src/clases/Nota.java</file>
            <file>file:/D:/Users/lenovo/Downloads/Proyecto_finalPA/Proyecto_finalPA/src/GUI/RegistrarNotas.java</file>
            <file>file:/D:/Users/lenovo/Downloads/Proyecto_finalPA/Proyecto_finalPA/src/BL/BLAsignatura.java</file>
            <file>file:/D:/Users/lenovo/Downloads/Proyecto_finalPA/Proyecto_finalPA/src/BL/BLNotas.java</file>
            <file>file:/D:/Users/lenovo/Downloads/Proyecto_finalPA/Proyecto_finalPA/src/BL/BLRepresentante.java</file>
        </group>
    </open-files>
</project-private>
